"","X300","X308","X315","X323","X330","X338","X345","X353","X360","X368","X375","X383","X390","X398","X405","X413","X420","X425","X435","X440","X450","X455","X465","X470","X480","X485","X495","X500","X510","X515","X525","X530","X540","X545","X555","X560","X570","X585","X600","X615","X630","X645","X660","X675","X690","X705"
"Worcester Union",NA,"4:10",NA,"4:25",NA,"4:40",NA,"4:55",NA,"5:10",NA,"5:25",NA,"5:40",NA,"5:55",NA,"6:15",NA,"6:30",NA,"6:45",NA,"7:00",NA,"7:15",NA,"7:30",NA,"7:45",NA,"8:00",NA,"8:15",NA,"8:30","8:32","8:47","9:02","9:17","9:32","9:47","10:02","10:17","10:32","10:47"
"Biotech Park",NA,"4:13",NA,"4:28",NA,"4:43",NA,"4:58",NA,"5:13",NA,"5:28",NA,"5:43",NA,"5:58",NA,"6:18",NA,"6:33",NA,"6:48",NA,"7:03",NA,"7:18",NA,"7:33",NA,"7:48",NA,"8:03",NA,"8:18",NA,"8:33","8:35","8:50","9:05","9:20","9:35","9:50","10:05","10:20","10:35","10:50"
"Grafton",NA,"4:20",NA,"4:35",NA,"4:50",NA,"5:05",NA,"5:20",NA,"5:35",NA,"5:50",NA,"6:05",NA,"6:25",NA,"6:40",NA,"6:55",NA,"7:10",NA,"7:25",NA,"7:40",NA,"7:55",NA,"8:10",NA,"8:25",NA,"8:40","8:42","8:57","9:12","9:27","9:42","9:57","10:12","10:27","10:42","10:57"
"Westborough",NA,"4:24",NA,"4:39",NA,"4:54",NA,"5:09",NA,"5:24",NA,"5:39",NA,"5:54",NA,"6:09",NA,"6:29",NA,"6:44",NA,"6:59",NA,"7:14",NA,"7:29",NA,"7:44",NA,"7:59",NA,"8:14",NA,"8:29",NA,"8:44","8:46","9:01","9:16","9:31","9:46","10:01","10:16","10:31","10:46","11:01"
"Southborough",NA,"4:28",NA,"4:43",NA,"4:58",NA,"5:13",NA,"5:28",NA,"5:43",NA,"5:58",NA,"6:13",NA,"6:33",NA,"6:48",NA,"7:03",NA,"7:18",NA,"7:33",NA,"7:48",NA,"8:03",NA,"8:18",NA,"8:33",NA,"8:48","8:50","9:05","9:20","9:35","9:50","10:05","10:20","10:35","10:50","11:05"
"Ashland",NA,"4:32",NA,"4:47",NA,"5:02",NA,"5:17",NA,"5:32",NA,"5:47",NA,"6:02",NA,"6:17",NA,"6:37",NA,"6:52",NA,"7:07",NA,"7:22",NA,"7:37",NA,"7:52",NA,"8:07",NA,"8:22",NA,"8:37",NA,"8:52","8:54","9:09","9:24","9:39","9:54","10:09","10:24","10:39","10:54","11:09"
"Framingham","4:27","4:35","4:42","4:50","4:57","5:05","5:12","5:20","5:27","5:35","5:42","5:50","5:57","6:05","6:12","6:20","6:27","6:40","6:42","6:55","6:57","7:10","7:12","7:25","7:27","7:40","7:42","7:55","7:57","8:10","8:12","8:25","8:27","8:40","8:42","8:55","8:57","9:12","9:27","9:42","9:57","10:12","10:27","10:42","10:57","11:12"
"West Natick","4:30","4:38","4:45","4:53","5:00","5:08","5:15","5:23","5:30","5:38","5:45","5:53","6:00","6:08","6:15","6:23","6:30","6:43","6:45","6:58","7:00","7:13","7:15","7:28","7:30","7:43","7:45","7:58","8:00","8:13","8:15","8:28","8:30","8:43","8:45","8:58","9:00","9:15","9:30","9:45","10:00","10:15","10:30","10:45","11:00","11:15"
"Natick Center","4:33","4:40","4:48","4:55","5:03","5:10","5:18","5:25","5:33","5:40","5:48","5:55","6:03","6:10","6:18","6:25","6:33",NA,"6:48",NA,"7:03",NA,"7:18",NA,"7:33",NA,"7:48",NA,"8:03",NA,"8:18",NA,"8:33",NA,"8:48",NA,"9:02","9:17","9:32","9:47","10:02","10:17","10:32","10:47","11:02","11:17"
"Wellesley Square","4:36","4:44","4:51","4:59","5:06","5:14","5:21","5:29","5:36","5:44","5:51","5:59","6:06","6:14","6:21","6:29","6:36",NA,"6:51",NA,"7:06",NA,"7:21",NA,"7:36",NA,"7:51",NA,"8:06",NA,"8:21",NA,"8:36",NA,"8:51",NA,"9:06","9:21","9:36","9:51","10:06","10:21","10:36","10:51","11:06","11:21"
"Wellesley Hills","4:38","4:46","4:53","5:01","5:08","5:16","5:23","5:31","5:38","5:46","5:53","6:01","6:08","6:16","6:23","6:31","6:38",NA,"6:53",NA,"7:08",NA,"7:23",NA,"7:38",NA,"7:53",NA,"8:08",NA,"8:23",NA,"8:38",NA,"8:53",NA,"9:08","9:23","9:38","9:53","10:08","10:23","10:38","10:53","11:08","11:23"
"Wellesley Farms","4:40","4:48","4:55","5:03","5:10","5:18","5:25","5:33","5:40","5:48","5:55","6:03","6:10","6:18","6:25","6:33","6:40",NA,"6:55",NA,"7:10",NA,"7:25",NA,"7:40",NA,"7:55",NA,"8:10",NA,"8:25",NA,"8:40",NA,"8:55",NA,"9:10","9:25","9:40","9:55","10:10","10:25","10:40","10:55","11:10","11:25"
"Auburndale","4:43","4:51","4:58","5:06","5:13","5:21","5:28","5:36","5:43","5:51","5:58","6:06","6:13","6:21","6:28","6:36","6:43",NA,"6:58",NA,"7:13",NA,"7:28",NA,"7:43",NA,"7:58",NA,"8:13",NA,"8:28",NA,"8:43",NA,"8:58",NA,"9:13","9:28","9:43","9:58","10:13","10:28","10:43","10:58","11:13","11:28"
"West Newton","4:45","4:53","5:00","5:08","5:15","5:23","5:30","5:38","5:45","5:53","6:00","6:08","6:15","6:23","6:30","6:38","6:45",NA,"7:00",NA,"7:15",NA,"7:30",NA,"7:45",NA,"8:00",NA,"8:15",NA,"8:30",NA,"8:45",NA,"9:00",NA,"9:15","9:30","9:45","10:00","10:15","10:30","10:45","11:00","11:15","11:30"
"Newtonville","4:47","4:55","5:02","5:10","5:17","5:25","5:32","5:40","5:47","5:55","6:02","6:10","6:17","6:25","6:32","6:40","6:47",NA,"7:02",NA,"7:17",NA,"7:32",NA,"7:47",NA,"8:02",NA,"8:17",NA,"8:32",NA,"8:47",NA,"9:02",NA,"9:17","9:32","9:47","10:02","10:17","10:32","10:47","11:02","11:17","11:32"
"Boston Landing","4:51","4:59","5:06","5:14","5:21","5:29","5:36","5:44","5:51","5:59","6:06","6:14","6:21","6:29","6:36","6:44","6:51","6:56","7:06","7:11","7:21","7:26","7:36","7:41","7:51","7:56","8:06","8:11","8:21","8:26","8:36","8:41","8:51","8:56","9:06","9:11","9:21","9:36","9:51","10:06","10:21","10:36","10:51","11:06","11:21","11:36"
"West Station","4:53","5:01","5:08","5:16","5:23","5:31","5:38","5:46","5:53","6:01","6:08","6:16","6:23","6:31","6:38","6:46","6:53","6:58","7:08","7:13","7:23","7:28","7:38","7:43","7:53","7:58","8:08","8:13","8:23","8:28","8:38","8:43","8:53","8:58","9:08","9:13","9:23","9:38","9:53","10:08","10:23","10:38","10:53","11:08","11:23","11:38"
"Yawkey","4:55","5:03","5:10","5:18","5:25","5:33","5:40","5:48","5:55","6:03","6:10","6:18","6:25","6:33","6:40","6:48","6:55","7:00","7:10","7:15","7:25","7:30","7:40","7:45","7:55","8:00","8:10","8:15","8:25","8:30","8:40","8:45","8:55","9:00","9:10","9:15","9:25","9:40","9:55","10:10","10:25","10:40","10:55","11:10","11:25","11:40"
"Back Bay","4:58","5:06","5:13","5:21","5:28","5:36","5:43","5:51","5:58","6:06","6:13","6:21","6:28","6:36","6:43","6:51","6:58","7:03","7:13","7:18","7:28","7:33","7:43","7:48","7:58","8:03","8:13","8:18","8:28","8:33","8:43","8:48","8:58","9:03","9:13","9:18","9:28","9:43","9:58","10:13","10:28","10:43","10:58","11:13","11:28","11:43"
"South Station","5:00","5:08","5:15","5:23","5:30","5:38","5:45","5:53","6:00","6:08","6:15","6:23","6:30","6:38","6:45","6:53","7:00","7:05","7:15","7:20","7:30","7:35","7:45","7:50","8:00","8:05","8:15","8:20","8:30","8:35","8:45","8:50","9:00","9:05","9:15","9:20","9:30","9:45","10:00","10:15","10:30","10:45","11:00","11:15","11:30","11:45"
